{
    "lon0": -92.3,
    "lat0": 29.048507871449754,
    "lon2km": 97.39338060219067,
    "lat2km": 110.83656539349535,
    "theta": 0.3277042984786033
}